"日期","收盘","开盘","高","低","交易量","涨跌幅"
"2024-5-28","18.05","18.38","18.48","18.01","132.81M","-0.82%"
"2024-5-27","18.20","17.77","18.36","17.76","146.71M","2.13%"
"2024-5-24","17.82","17.60","18.03","17.59","125.71M","-0.11%"
"2024-5-23","17.84","17.56","18.01","17.36","208.25M","-3.20%"
"2024-5-22","18.43","18.65","18.77","18.33","142.48M","-1.18%"
"2024-5-21","18.65","19.41","19.56","18.57","228.37M","-4.21%"
"2024-5-20","19.47","19.43","19.77","19.10","265.24M","3.67%"
"2024-5-17","18.78","18.37","18.78","18.01","183.10M","2.79%"
"2024-5-16","18.27","18.63","18.89","18.22","193.91M","-0.16%"
"2024-5-15","18.30","18.54","18.82","18.27","138.69M","-1.03%"
"2024-5-14","18.49","18.35","18.72","18.25","147.43M","1.71%"
"2024-5-13","18.18","18.00","18.34","17.83","140.86M","-0.33%"
"2024-5-10","18.24","18.10","18.28","17.79","206.14M","2.99%"
"2024-5-9","17.71","17.28","17.91","17.28","146.59M","1.49%"
"2024-5-8","17.45","17.30","17.68","17.02","132.40M","0.00%"
"2024-5-7","17.45","17.62","17.90","17.39","152.39M","-0.40%"
"2024-5-6","17.52","17.32","17.52","16.84","260.63M","-0.51%"
"2024-4-30","17.61","17.92","18.06","17.55","169.47M","-0.28%"
"2024-4-29","17.66","18.13","18.13","17.39","225.30M","-3.34%"
"2024-4-26","18.27","17.58","18.37","17.41","266.13M","5.00%"
"2024-4-25","17.40","17.33","17.56","17.09","142.95M","-0.80%"
"2024-4-24","17.54","17.04","17.59","17.04","211.37M","2.93%"
"2024-4-23","17.04","17.41","17.65","17.00","320.10M","-4.27%"
"2024-4-22","17.80","18.87","19.00","17.75","267.73M","-4.46%"
"2024-4-19","18.63","18.56","19.33","18.40","265.31M","0.87%"
"2024-4-18","18.47","17.91","18.54","17.86","200.60M","2.16%"
"2024-4-17","18.08","17.91","18.15","17.58","215.43M","0.78%"
"2024-4-16","17.94","18.46","18.63","17.89","208.22M","-2.82%"
"2024-4-15","18.46","17.80","18.56","17.78","238.60M","0.38%"
"2024-4-12","18.39","18.48","18.58","17.98","233.78M","2.22%"
"2024-4-11","17.99","17.52","18.52","17.49","256.58M","0.00%"
"2024-4-10","17.99","17.14","18.15","17.14","264.27M","5.76%"
"2024-4-9","17.01","17.22","17.40","16.93","201.58M","-1.68%"
"2024-4-8","17.30","17.65","18.17","17.23","312.71M","-1.20%"
"2024-4-3","17.51","17.19","17.65","16.98","238.09M","3.30%"
"2024-4-2","16.95","16.95","17.15","16.76","133.76M","0.47%"
"2024-4-1","16.87","17.24","17.39","16.69","207.61M","0.30%"
"2024-3-29","16.82","16.40","16.87","16.30","209.56M","4.47%"
"2024-3-28","16.10","15.65","16.18","15.53","188.87M","2.42%"
"2024-3-27","15.72","15.46","15.89","15.44","156.14M","1.22%"
"2024-3-26","15.53","15.77","15.82","15.33","132.80M","-1.33%"
"2024-3-25","15.74","15.38","15.86","15.31","164.53M","2.27%"
"2024-3-22","15.39","15.39","15.52","15.17","177.11M","-1.47%"
"2024-3-21","15.62","15.91","16.13","15.60","199.62M","0.71%"
"2024-3-20","15.51","15.35","15.61","15.20","177.11M","-0.13%"
"2024-3-19","15.53","15.70","15.93","15.50","161.90M","-1.58%"
"2024-3-18","15.78","15.97","16.16","15.58","230.33M","-1.13%"
"2024-3-15","15.96","15.32","16.12","15.30","223.32M","3.70%"
"2024-3-14","15.39","15.25","15.78","15.25","271.92M","4.77%"
"2024-3-13","14.69","14.25","14.76","14.18","145.45M","2.30%"
"2024-3-12","14.36","14.75","14.82","14.28","204.28M","-3.36%"
"2024-3-11","14.86","15.00","15.05","14.62","153.67M","-0.20%"
"2024-3-8","14.89","14.90","14.93","14.53","169.24M","1.09%"
"2024-3-7","14.73","14.38","14.96","14.27","237.49M","3.73%"
"2024-3-6","14.20","13.85","14.36","13.84","201.79M","2.53%"
"2024-3-5","13.85","13.60","13.97","13.59","196.09M","2.90%"
"2024-3-4","13.46","13.46","13.62","13.36","131.40M","1.58%"
"2024-3-1","13.25","13.06","13.36","13.00","117.85M","1.07%"
"2024-2-29","13.11","13.02","13.20","12.96","108.12M","0.77%"
"2024-2-28","13.01","13.16","13.17","12.97","109.34M","-1.14%"
"2024-2-27","13.16","13.06","13.27","13.00","136.49M","0.08%"
"2024-2-26","13.15","13.51","13.61","13.09","146.00M","-2.59%"
"2024-2-23","13.50","13.25","13.68","13.20","137.73M","1.81%"
"2024-2-22","13.26","13.09","13.28","13.02","112.74M","1.61%"
"2024-2-21","13.05","13.06","13.29","13.01","153.99M","-0.38%"
"2024-2-20","13.10","12.80","13.18","12.72","137.08M","1.95%"
"2024-2-19","12.85","12.51","12.86","12.40","188.66M","2.80%"
"2024-2-8","12.50","12.24","12.52","12.22","191.11M","2.04%"
"2024-2-7","12.25","12.19","12.30","12.04","215.81M","0.49%"
"2024-2-6","12.19","12.13","12.38","12.04","202.09M","0.25%"
"2024-2-5","12.16","12.07","12.28","11.96","171.08M","1.08%"
"2024-2-2","12.03","12.20","12.34","11.88","139.01M","-0.82%"
"2024-2-1","12.13","12.00","12.27","11.90","108.41M","0.75%"
"2024-1-31","12.04","12.12","12.23","12.03","109.90M","-1.15%"
"2024-1-30","12.18","12.18","12.30","12.06","106.36M","-0.49%"
"2024-1-29","12.24","12.23","12.35","12.20","84.75M","0.16%"
"2024-1-26","12.22","12.10","12.28","11.98","124.52M","1.41%"
"2024-1-25","12.05","11.82","12.05","11.79","127.48M","2.82%"
"2024-1-24","11.72","11.62","11.75","11.43","105.94M","1.56%"
"2024-1-23","11.54","11.61","11.68","11.21","169.49M","-1.20%"
"2024-1-22","11.68","11.88","11.94","11.55","145.36M","-2.01%"
"2024-1-19","11.92","11.78","11.97","11.65","123.80M","0.68%"
"2024-1-18","11.84","11.66","11.94","11.40","166.38M","1.20%"
"2024-1-17","11.70","12.09","12.13","11.70","140.74M","-4.02%"
"2024-1-16","12.19","12.06","12.27","12.06","80.44M","0.58%"
"2024-1-15","12.12","12.17","12.26","12.05","49.63M","-0.66%"
"2024-1-12","12.20","12.07","12.26","12.05","76.43M","0.49%"
"2024-1-11","12.14","12.31","12.32","12.09","96.78M","-1.14%"
"2024-1-10","12.28","12.33","12.44","12.28","63.26M","-1.21%"
"2024-1-9","12.43","12.31","12.45","12.28","94.18M","1.06%"
"2024-1-8","12.30","12.46","12.53","12.27","91.58M","-1.36%"
"2024-1-5","12.47","12.46","12.68","12.37","109.75M","-0.32%"
"2024-1-4","12.51","12.43","12.52","12.39","99.82M","-0.16%"
"2024-1-3","12.53","12.43","12.59","12.39","76.05M","0.32%"
"2024-1-2","12.49","12.41","12.66","12.39","113.32M","0.24%"
"2023-12-29","12.46","12.27","12.48","12.27","121.46M","0.89%"
"2023-12-28","12.35","12.49","12.67","12.31","185.72M","-0.40%"
"2023-12-27","12.40","12.23","12.42","12.19","125.57M","1.81%"
"2023-12-26","12.18","12.20","12.28","12.15","74.62M","-0.33%"
"2023-12-25","12.22","12.03","12.24","12.01","85.97M","0.66%"
"2023-12-22","12.14","12.15","12.18","11.99","127.21M","0.58%"
"2023-12-21","12.07","11.94","12.09","11.89","108.70M","0.42%"
"2023-12-20","12.02","11.92","12.12","11.86","165.59M","1.86%"
"2023-12-19","11.80","11.76","11.84","11.65","59.95M","0.17%"
"2023-12-18","11.78","11.64","11.85","11.58","73.73M","0.68%"
"2023-12-15","11.70","11.60","11.97","11.60","204.75M","1.92%"
"2023-12-14","11.48","11.80","11.83","11.46","135.53M","0.35%"
"2023-12-13","11.44","11.54","11.61","11.44","85.64M","-1.55%"
"2023-12-12","11.62","11.57","11.63","11.46","89.30M","-0.43%"
"2023-12-11","11.67","11.59","11.73","11.38","111.21M","0.00%"
"2023-12-8","11.67","11.81","11.83","11.65","118.28M","-1.10%"
"2023-12-7","11.80","11.90","11.92","11.75","108.88M","-1.67%"
"2023-12-6","12.00","11.84","12.08","11.75","110.46M","0.42%"
"2023-12-5","11.95","12.12","12.16","11.92","158.48M","-3.63%"
"2023-12-4","12.40","12.45","12.69","12.38","229.12M","2.99%"
"2023-12-1","12.04","12.15","12.20","11.96","101.75M","-1.15%"
"2023-11-30","12.18","12.14","12.27","12.07","116.75M","0.25%"
"2023-11-29","12.15","12.09","12.20","12.08","169.65M","2.19%"
"2023-11-28","11.89","11.86","11.90","11.71","62.64M","0.17%"
"2023-11-27","11.87","11.86","12.03","11.73","57.78M","0.17%"
"2023-11-24","11.85","11.97","11.99","11.84","51.77M","-1.17%"
"2023-11-23","11.99","11.94","12.00","11.82","55.96M","0.33%"
"2023-11-22","11.95","12.14","12.14","11.92","62.73M","-1.57%"
"2023-11-21","12.14","11.96","12.21","11.91","146.70M","2.36%"
"2023-11-20","11.86","11.96","11.97","11.77","67.80M","-0.92%"
"2023-11-17","11.97","11.98","12.02","11.87","56.25M","0.00%"
"2023-11-16","11.97","11.97","12.03","11.85","72.43M","-0.25%"
"2023-11-15","12.00","12.23","12.23","11.93","100.82M","1.18%"
"2023-11-14","11.86","11.95","11.98","11.81","49.53M","-0.34%"
"2023-11-13","11.90","11.79","11.93","11.73","55.33M","1.02%"
"2023-11-10","11.78","11.83","11.86","11.72","43.77M","-0.84%"
"2023-11-9","11.88","11.70","11.90","11.70","77.64M","0.51%"
"2023-11-8","11.82","11.88","11.95","11.72","113.32M","-1.58%"
"2023-11-7","12.01","11.88","12.03","11.72","91.67M","0.67%"
"2023-11-6","11.93","12.18","12.20","11.87","144.31M","-1.97%"
"2023-11-3","12.17","12.22","12.30","12.10","81.59M","-0.33%"
"2023-11-2","12.21","12.35","12.48","12.20","91.38M","0.08%"
"2023-11-1","12.20","12.32","12.35","12.14","93.87M","-1.93%"
"2023-10-31","12.44","12.40","12.46","12.28","75.17M","0.16%"
"2023-10-30","12.42","12.20","12.68","12.19","180.16M","3.41%"
"2023-10-27","12.01","11.98","12.16","11.95","92.84M","-0.58%"
"2023-10-26","12.08","12.00","12.11","11.88","74.03M","0.00%"
"2023-10-25","12.08","12.04","12.31","12.04","129.42M","2.81%"
"2023-10-24","11.75","11.54","11.83","11.53","119.69M","2.62%"
"2023-10-23","11.45","11.58","11.66","11.33","85.80M","-1.72%"
"2023-10-20","11.65","11.82","11.93","11.59","79.55M","-1.02%"
"2023-10-19","11.77","11.95","11.98","11.75","98.62M","-1.75%"
"2023-10-18","11.98","12.09","12.13","11.96","73.59M","-0.66%"
"2023-10-17","12.06","12.12","12.14","11.98","80.05M","-0.66%"
"2023-10-16","12.14","12.25","12.28","12.10","94.82M","1.00%"
"2023-10-13","12.02","12.13","12.15","12.00","66.45M","-2.20%"
"2023-10-12","12.29","12.27","12.36","12.18","70.32M","1.32%"
"2023-10-11","12.13","12.30","12.31","11.99","85.17M","-0.74%"
"2023-10-10","12.22","12.28","12.42","12.20","68.40M","0.16%"
"2023-10-9","12.20","11.91","12.25","11.74","122.12M","0.58%"
"2023-9-28","12.13","12.41","12.52","12.06","149.99M","-2.26%"
"2023-9-27","12.41","12.65","12.68","12.38","133.61M","-1.90%"
"2023-9-26","12.65","12.69","12.75","12.49","128.92M","-0.86%"
"2023-9-25","12.76","12.88","12.99","12.74","115.66M","-1.31%"
"2023-9-22","12.93","12.95","12.98","12.68","186.23M","-1.22%"
"2023-9-21","13.09","13.10","13.20","12.98","96.17M","-1.21%"
"2023-9-20","13.25","13.10","13.28","13.04","90.31M","0.61%"
"2023-9-19","13.17","13.00","13.25","12.98","108.15M","0.77%"
"2023-9-18","13.07","13.08","13.08","12.89","105.74M","-0.61%"
"2023-9-15","13.15","13.19","13.42","13.06","173.23M","1.31%"
"2023-9-14","12.98","12.90","13.10","12.84","152.22M","1.09%"
"2023-9-13","12.84","12.78","12.98","12.76","87.05M","0.00%"
"2023-9-12","12.84","13.01","13.09","12.80","84.41M","-1.23%"
"2023-9-11","13.00","12.88","13.15","12.82","87.79M","0.93%"
"2023-9-8","12.88","13.01","13.10","12.81","55.49M","-1.00%"
"2023-9-7","13.01","12.94","13.11","12.90","72.25M","-0.38%"
"2023-9-6","13.06","13.02","13.18","12.93","72.47M","-0.68%"
"2023-9-5","13.15","13.10","13.21","12.97","80.43M","-0.38%"
"2023-9-4","13.20","12.95","13.50","12.95","188.70M","3.12%"
"2023-9-1","12.80","12.39","12.90","12.37","143.48M","3.56%"
"2023-8-31","12.36","12.49","12.60","12.34","82.97M","-0.72%"
"2023-8-30","12.45","12.25","12.54","12.22","159.47M","3.06%"
"2023-8-29","12.08","12.11","12.37","12.04","140.98M","-0.49%"
"2023-8-28","12.14","12.92","12.97","12.06","203.85M","-1.30%"
"2023-8-25","12.30","12.40","12.45","12.15","127.15M","-1.52%"
"2023-8-24","12.49","12.45","12.65","12.35","138.87M","2.63%"
"2023-8-23","12.17","12.45","12.49","12.12","126.98M","-1.93%"
"2023-8-22","12.41","12.08","12.48","12.08","165.78M","3.59%"
"2023-8-21","11.98","12.08","12.18","11.98","75.48M","-0.83%"
"2023-8-18","12.08","12.29","12.43","12.05","76.82M","-1.71%"
"2023-8-17","12.29","12.06","12.34","11.84","101.80M","0.82%"
"2023-8-16","12.19","12.18","12.25","12.08","74.57M","-1.06%"
"2023-8-15","12.32","12.34","12.43","12.16","68.01M","0.00%"
"2023-8-14","12.32","12.39","12.42","12.15","131.02M","-1.44%"
"2023-8-11","12.50","12.75","12.83","12.44","93.18M","-1.81%"
"2023-8-10","12.73","12.80","12.88","12.69","70.33M","-1.09%"
"2023-8-9","12.87","12.90","12.98","12.74","84.01M","-1.23%"
"2023-8-8","13.03","12.85","13.13","12.74","111.90M","1.40%"
"2023-8-7","12.85","12.78","12.88","12.73","44.62M","0.00%"
"2023-8-4","12.85","12.86","12.99","12.78","78.11M","0.86%"
"2023-8-3","12.74","12.75","12.80","12.60","109.85M","-0.93%"
"2023-8-2","12.86","12.82","12.96","12.77","83.94M","-1.46%"
"2023-8-1","13.05","13.27","13.44","13.00","120.14M","0.31%"
"2023-7-31","13.01","12.99","13.18","12.95","116.71M","1.72%"
"2023-7-28","12.79","12.66","12.84","12.55","145.06M","-0.70%"
"2023-7-27","12.88","13.07","13.10","12.83","76.07M","-1.45%"
"2023-7-26","13.07","12.96","13.08","12.88","89.45M","1.00%"
"2023-7-25","12.94","12.64","13.10","12.64","175.57M","4.10%"
"2023-7-24","12.43","12.41","12.62","12.38","57.32M","-0.80%"
"2023-7-21","12.53","12.55","12.68","12.49","70.52M","-0.63%"
"2023-7-20","12.61","12.54","12.80","12.52","98.66M","0.16%"
"2023-7-19","12.59","12.56","12.66","12.45","103.89M","1.53%"
"2023-7-18","12.40","12.34","12.53","12.26","68.10M","0.49%"
"2023-7-17","12.34","12.48","12.50","12.30","86.36M","-1.91%"
"2023-7-14","12.58","12.75","12.80","12.56","127.19M","0.48%"
"2023-7-13","12.52","12.38","12.76","12.38","289.78M","4.77%"
"2023-7-12","11.95","11.83","12.05","11.77","187.65M","0.93%"
"2023-7-11","11.84","11.71","11.95","11.68","121.69M","2.60%"
"2023-7-10","11.54","11.58","11.76","11.48","80.59M","-0.09%"
"2023-7-7","11.55","11.51","11.72","11.28","125.58M","-0.52%"
"2023-7-6","11.61","11.71","11.75","11.52","76.83M","-1.61%"
"2023-7-5","11.80","11.78","11.90","11.73","71.21M","0.00%"
"2023-7-4","11.80","11.97","12.00","11.74","107.43M","-1.09%"
"2023-7-3","11.93","11.50","12.03","11.49","171.52M","4.93%"
"2023-6-30","11.37","11.39","11.52","11.25","66.31M","0.18%"
"2023-6-29","11.35","11.61","11.66","11.33","94.83M","-2.66%"
"2023-6-28","11.66","11.59","11.73","11.52","73.04M","-0.26%"
"2023-6-27","11.69","11.45","11.73","11.28","102.27M","1.74%"
"2023-6-26","11.49","11.52","11.65","11.43","79.18M","-0.69%"
"2023-6-21","11.57","11.60","11.85","11.54","84.11M","-1.62%"
"2023-6-20","11.76","11.79","11.86","11.59","92.66M","-0.42%"
"2023-6-19","11.81","12.03","12.08","11.71","148.24M","-1.83%"
"2023-6-16","12.03","11.85","12.28","11.84","180.45M","1.95%"
"2023-6-15","11.80","11.68","11.84","11.42","145.48M","-0.67%"
"2023-6-14","11.88","11.70","12.00","11.70","196.69M","2.41%"
"2023-6-13","11.60","11.49","11.62","11.42","88.58M","0.43%"
"2023-6-12","11.55","11.59","11.62","11.38","136.55M","-1.37%"
"2023-6-9","11.71","11.69","11.88","11.52","150.82M","1.65%"
"2023-6-8","11.52","11.28","11.57","11.16","117.96M","1.05%"
"2023-6-7","11.40","11.46","11.60","11.36","110.40M","0.09%"
"2023-6-6","11.39","11.38","11.65","11.34","168.80M","0.98%"
"2023-6-5","11.28","11.41","11.41","11.14","167.58M","-2.67%"
"2023-6-2","11.59","11.17","11.62","11.17","267.58M","4.89%"
"2023-6-1","11.05","10.73","11.23","10.68","220.50M","3.37%"
"2023-5-31","10.69","10.75","10.87","10.61","124.18M","-0.19%"
"2023-5-30","10.71","10.79","10.87","10.61","118.79M","-0.83%"
"2023-5-29","10.80","10.82","10.88","10.71","115.79M","0.00%"
"2023-5-26","10.80","10.45","10.87","10.39","128.08M","2.66%"
"2023-5-25","10.52","10.62","10.62","10.38","148.25M","-1.59%"
"2023-5-24","10.69","10.62","10.83","10.51","128.50M","0.19%"
"2023-5-23","10.67","10.88","10.94","10.67","126.92M","-2.11%"
"2023-5-22","10.90","10.90","11.00","10.81","99.73M","0.09%"
"2023-5-19","10.89","10.86","11.03","10.70","205.29M","-1.89%"
"2023-5-18","11.10","11.17","11.27","11.01","138.47M","0.91%"
"2023-5-17","11.00","11.04","11.20","10.93","130.72M","-2.22%"
"2023-5-16","11.25","11.05","11.42","11.00","206.50M","1.26%"
"2023-5-15","11.11","10.98","11.20","10.66","235.78M","1.18%"
"2023-5-12","10.98","11.40","11.41","10.91","338.57M","-5.99%"
"2023-5-11","11.68","12.04","12.09","11.60","186.93M","-3.31%"
"2023-5-10","12.08","12.32","12.42","12.04","124.34M","-1.39%"
"2023-5-9","12.25","12.67","12.67","12.19","171.47M","-3.24%"
"2023-5-8","12.66","12.49","12.74","12.31","147.50M","0.64%"
"2023-5-5","12.58","13.03","13.14","12.45","187.07M","-2.71%"
"2023-5-4","12.93","13.25","13.38","12.84","211.49M","0.78%"
"2023-4-28","12.83","12.55","12.98","12.55","145.36M","0.08%"
"2023-4-27","12.82","12.49","13.03","12.42","177.96M","1.99%"
"2023-4-26","12.57","12.66","12.81","12.47","169.26M","-2.41%"
"2023-4-25","12.88","12.83","13.08","12.67","181.60M","1.50%"
"2023-4-24","12.69","13.25","13.43","12.58","244.73M","-4.51%"
"2023-4-21","13.29","13.62","13.66","13.29","129.48M","-2.21%"
"2023-4-20","13.59","13.80","13.82","13.32","205.68M","-2.23%"
"2023-4-19","13.90","13.90","14.10","13.83","115.49M","0.29%"
"2023-4-18","13.86","13.87","14.05","13.75","123.47M","-0.36%"
"2023-4-17","13.91","13.58","14.02","13.48","163.36M","-0.22%"
"2023-4-14","13.94","13.74","13.99","13.69","210.58M","4.03%"
"2023-4-13","13.40","13.50","13.78","13.24","158.39M","-1.11%"
"2023-4-12","13.55","13.38","13.75","13.32","185.44M","0.89%"
"2023-4-11","13.43","12.98","13.44","12.84","225.38M","3.47%"
"2023-4-10","12.98","12.79","13.12","12.66","116.87M","0.70%"
"2023-4-7","12.89","12.96","13.07","12.79","138.17M","-1.83%"
"2023-4-6","13.13","12.43","13.14","12.41","294.27M","6.32%"
"2023-4-4","12.35","12.20","12.43","12.09","155.96M","1.90%"
"2023-4-3","12.12","12.39","12.45","12.07","168.68M","-2.18%"
"2023-3-31","12.39","12.29","12.45","12.25","158.69M","1.14%"
"2023-3-30","12.25","12.04","12.25","11.93","150.72M","2.00%"
"2023-3-29","12.01","12.12","12.34","11.99","109.72M","0.00%"
"2023-3-28","12.01","11.99","12.14","11.88","107.88M","0.17%"
"2023-3-27","11.99","12.00","12.07","11.73","123.95M","-0.17%"
"2023-3-24","12.01","12.20","12.20","11.97","117.25M","-1.07%"
"2023-3-23","12.14","11.82","12.18","11.74","201.09M","3.41%"
"2023-3-22","11.74","11.71","11.90","11.65","119.28M","-0.68%"
"2023-3-21","11.82","11.80","11.89","11.62","111.61M","0.17%"
"2023-3-20","11.80","11.73","11.90","11.67","165.81M","2.97%"
"2023-3-17","11.46","11.49","11.69","11.32","171.87M","0.61%"
"2023-3-16","11.39","11.60","11.71","11.36","231.93M","-3.64%"
"2023-3-15","11.82","12.02","12.03","11.81","136.48M","-1.75%"
"2023-3-14","12.03","12.34","12.59","12.00","215.75M","-1.07%"
"2023-3-13","12.16","11.68","12.20","11.67","250.06M","6.29%"
"2023-3-10","11.44","11.46","11.59","11.41","93.16M","-1.04%"
"2023-3-9","11.56","11.70","11.75","11.51","96.44M","-0.86%"
"2023-3-8","11.66","11.70","11.75","11.42","157.85M","-2.67%"
"2023-3-7","11.98","11.95","12.19","11.81","196.54M","0.42%"
"2023-3-6","11.93","12.04","12.09","11.66","128.03M","-0.42%"
"2023-3-3","11.98","12.10","12.14","11.90","99.36M","-0.99%"
"2023-3-2","12.10","12.06","12.25","11.93","162.17M","1.00%"
"2023-3-1","11.98","11.55","12.05","11.52","192.37M","5.00%"
"2023-2-28","11.41","11.49","11.58","11.30","106.02M","0.00%"
"2023-2-27","11.41","11.40","11.55","11.26","135.70M","-1.89%"
"2023-2-24","11.63","11.79","11.81","11.56","162.57M","-2.68%"
"2023-2-23","11.95","11.95","12.05","11.83","83.07M","0.00%"
"2023-2-22","11.95","12.03","12.18","11.90","144.34M","-1.48%"
"2023-2-21","12.13","11.75","12.24","11.72","263.39M","3.76%"
"2023-2-20","11.69","11.41","11.70","11.38","168.91M","2.90%"
"2023-2-17","11.36","11.35","11.69","11.32","156.84M","0.80%"
"2023-2-16","11.27","11.55","11.57","11.18","133.30M","-2.59%"
"2023-2-15","11.57","11.58","11.91","11.46","168.86M","0.00%"
"2023-2-14","11.57","11.32","11.68","11.28","183.55M","2.39%"
"2023-2-13","11.30","11.02","11.36","11.02","136.64M","0.98%"
"2023-2-10","11.19","11.30","11.34","11.13","131.29M","-1.84%"
"2023-2-9","11.40","11.30","11.42","11.24","113.32M","0.26%"
"2023-2-8","11.37","11.59","11.62","11.36","120.97M","-1.64%"
"2023-2-7","11.56","11.45","11.69","11.39","148.20M","1.49%"
"2023-2-6","11.39","11.50","11.51","11.21","257.29M","-3.88%"
"2023-2-3","11.85","11.88","11.89","11.70","171.10M","-1.82%"
"2023-2-2","12.07","12.26","12.27","11.99","156.99M","-1.63%"
"2023-2-1","12.27","11.87","12.32","11.85","258.84M","4.07%"
"2023-1-31","11.79","11.53","11.93","11.45","216.05M","2.25%"
"2023-1-30","11.53","12.00","12.00","11.48","308.81M","-3.19%"
"2023-1-20","11.91","11.68","12.11","11.67","215.17M","2.85%"
"2023-1-19","11.58","11.40","11.64","11.33","122.60M","1.67%"
"2023-1-18","11.39","11.39","11.52","11.33","131.33M","0.89%"
"2023-1-17","11.29","11.45","11.45","11.11","187.68M","-1.91%"
"2023-1-16","11.51","11.65","11.77","11.40","192.19M","-0.35%"
"2023-1-13","11.55","11.59","11.77","11.45","141.33M","1.14%"
"2023-1-12","11.42","11.70","11.85","11.38","152.68M","-0.61%"
"2023-1-11","11.49","11.56","11.69","11.44","151.65M","0.70%"
"2023-1-10","11.41","11.44","11.52","11.28","187.22M","-0.26%"
"2023-1-9","11.44","10.69","11.46","10.67","389.68M","9.68%"
"2023-1-6","10.43","10.44","10.50","10.39","105.45M","0.38%"
"2023-1-5","10.39","10.43","10.50","10.33","162.36M","0.87%"
"2023-1-4","10.30","10.43","10.51","10.25","135.96M","-2.18%"
"2023-1-3","10.53","9.96","10.59","9.88","237.74M","5.30%"
"2022-12-30","10.00","9.88","10.09","9.85","132.92M","1.63%"
"2022-12-29","9.84","9.88","9.94","9.77","133.67M","-1.60%"
"2022-12-28","10.00","10.00","10.01","9.88","82.17M","-0.50%"
"2022-12-27","10.05","9.88","10.07","9.85","115.15M","2.76%"
"2022-12-26","9.78","9.95","9.96","9.74","112.77M","-1.21%"
"2022-12-23","9.90","9.86","9.98","9.77","90.11M","-1.10%"
"2022-12-22","10.01","10.15","10.17","9.98","88.12M","0.40%"
"2022-12-21","9.97","10.05","10.15","9.94","79.06M","0.71%"
"2022-12-20","9.90","10.00","10.08","9.79","133.90M","-1.59%"
"2022-12-19","10.06","10.38","10.44","9.97","139.32M","-2.33%"
"2022-12-16","10.30","10.12","10.37","10.10","118.30M","0.39%"
"2022-12-15","10.26","10.40","10.55","10.18","145.30M","-2.01%"
"2022-12-14","10.47","10.51","10.61","10.42","130.26M","1.26%"
"2022-12-13","10.34","10.25","10.43","10.23","106.64M","0.10%"
"2022-12-12","10.33","10.46","10.55","10.30","166.55M","-2.64%"
"2022-12-9","10.61","10.36","10.65","10.34","234.51M","2.81%"
"2022-12-8","10.32","10.27","10.43","10.23","94.83M","0.49%"
"2022-12-7","10.27","10.35","10.40","10.18","163.04M","-1.34%"
"2022-12-6","10.41","10.28","10.49","10.26","172.41M","-0.38%"
"2022-12-5","10.45","10.23","10.56","10.14","288.05M","3.36%"
"2022-12-2","10.11","10.32","10.39","10.07","227.04M","-1.84%"
"2022-12-1","10.30","10.20","10.40","10.14","432.82M","4.78%"
"2022-11-30","9.83","9.83","9.89","9.74","147.10M","-0.41%"
"2022-11-29","9.87","9.60","9.91","9.56","208.15M","3.03%"
"2022-11-28","9.58","9.60","9.62","9.41","163.19M","-2.15%"
"2022-11-25","9.79","9.66","9.90","9.65","173.30M","0.51%"
"2022-11-24","9.74","9.70","9.80","9.65","171.96M","1.99%"
"2022-11-23","9.55","9.59","9.75","9.53","155.61M","0.21%"
"2022-11-22","9.53","9.40","9.69","9.40","179.33M","1.17%"
"2022-11-21","9.42","9.45","9.45","9.19","275.65M","-2.28%"
"2022-11-18","9.64","9.72","9.78","9.60","222.15M","-1.33%"
"2022-11-17","9.77","9.89","10.01","9.62","347.51M","-2.20%"
"2022-11-16","9.99","9.93","10.03","9.83","249.68M","0.71%"
"2022-11-15","9.92","9.85","10.02","9.72","296.32M","-0.50%"
"2022-11-14","9.97","10.04","10.07","9.76","459.25M","0.50%"
"2022-11-11","9.92","9.90","10.05","9.75","820.81M","8.42%"
"2022-11-10","9.15","9.18","9.27","9.03","213.96M","-1.51%"
"2022-11-9","9.29","9.35","9.53","9.28","536.10M","2.54%"
"2022-11-8","9.06","8.92","9.19","8.86","363.66M","-0.33%"
"2022-11-7","9.09","8.77","9.20","8.77","742.70M","8.73%"
"2022-11-4","8.36","8.14","8.44","8.11","293.14M","2.70%"
"2022-11-3","8.14","8.12","8.20","8.06","142.26M","-1.45%"
"2022-11-2","8.26","8.22","8.33","8.13","173.51M","0.73%"
"2022-11-1","8.20","7.95","8.20","7.88","218.92M","3.54%"
"2022-10-31","7.92","7.99","8.03","7.80","171.30M","-2.22%"
"2022-10-28","8.10","8.16","8.29","8.07","173.21M","-1.58%"
"2022-10-27","8.23","8.10","8.37","8.07","342.98M","3.65%"
"2022-10-26","7.94","7.90","7.99","7.86","146.39M","0.51%"
"2022-10-25","7.90","7.91","8.00","7.74","168.48M","-0.50%"
"2022-10-24","7.94","8.02","8.18","7.93","265.08M","0.13%"
"2022-10-21","7.93","7.93","8.02","7.88","136.39M","1.02%"
"2022-10-20","7.85","7.85","7.92","7.76","107.13M","-0.88%"
"2022-10-19","7.92","8.00","8.07","7.91","106.85M","-1.00%"
"2022-10-18","8.00","8.06","8.13","7.98","101.83M","-0.62%"
"2022-10-17","8.05","7.88","8.06","7.83","146.08M","1.13%"
"2022-10-14","7.96","7.89","8.01","7.83","172.76M","1.53%"
"2022-10-13","7.84","8.00","8.00","7.81","141.28M","-1.88%"
"2022-10-12","7.99","7.85","8.00","7.73","175.21M","1.40%"
"2022-10-11","7.88","7.81","7.89","7.69","139.79M","1.42%"
"2022-10-10","7.77","7.90","7.92","7.76","162.47M","-0.89%"
"2022-9-30","7.84","7.78","7.92","7.73","198.86M","1.82%"
"2022-9-29","7.70","7.65","7.82","7.65","234.46M","2.94%"
"2022-9-28","7.48","7.78","7.78","7.46","234.02M","-4.71%"
"2022-9-27","7.85","7.71","7.88","7.61","248.08M","0.38%"
"2022-9-26","7.82","8.37","8.37","7.68","524.16M","-8.32%"
"2022-9-23","8.53","8.65","8.69","8.50","139.70M","-1.39%"
"2022-9-22","8.65","8.61","8.75","8.59","98.68M","-0.69%"
"2022-9-21","8.71","8.65","8.74","8.57","102.31M","0.11%"
"2022-9-20","8.70","8.69","8.78","8.64","109.32M","0.93%"
"2022-9-19","8.62","8.72","8.75","8.57","128.84M","-0.69%"
"2022-9-16","8.68","8.90","8.92","8.60","263.96M","-3.02%"
"2022-9-15","8.95","9.05","9.08","8.90","167.79M","-0.56%"
"2022-9-14","9.00","9.04","9.14","9.00","228.91M","-3.12%"
"2022-9-13","9.29","9.22","9.38","9.21","296.46M","1.09%"
"2022-9-9","9.19","9.15","9.28","9.13","314.94M","1.43%"
"2022-9-8","9.06","9.00","9.11","8.90","299.73M","1.34%"
"2022-9-7","8.94","8.80","9.01","8.76","192.30M","1.13%"
"2022-9-6","8.84","8.62","8.85","8.61","184.19M","2.91%"
"2022-9-5","8.59","8.52","8.60","8.46","122.10M","0.82%"
"2022-9-2","8.52","8.62","8.65","8.50","156.64M","-1.50%"
"2022-9-1","8.65","8.75","8.75","8.65","155.30M","-1.70%"
"2022-8-31","8.80","8.82","8.91","8.76","185.61M","-1.12%"
"2022-8-30","8.90","8.99","9.02","8.86","140.91M","-1.33%"
"2022-8-29","9.02","9.00","9.04","8.91","146.27M","-1.42%"
"2022-8-26","9.15","9.18","9.25","9.12","249.54M","0.22%"
"2022-8-25","9.13","8.90","9.15","8.87","313.09M","2.82%"
"2022-8-24","8.88","9.04","9.15","8.86","187.53M","-1.33%"
"2022-8-23","9.00","9.00","9.05","8.93","134.65M","-0.55%"
"2022-8-22","9.05","8.89","9.12","8.81","221.65M","2.38%"
"2022-8-19","8.84","8.90","8.94","8.84","130.91M","-0.56%"
"2022-8-18","8.89","8.95","8.96","8.87","146.14M","-1.44%"
"2022-8-17","9.02","9.04","9.05","8.90","148.83M","-0.11%"
"2022-8-16","9.03","9.00","9.05","8.90","181.03M","-0.11%"
"2022-8-15","9.04","9.20","9.32","9.01","301.86M","-1.63%"
"2022-8-12","9.19","9.06","9.20","8.96","309.87M","1.77%"
"2022-8-11","9.03","8.88","9.03","8.86","278.12M","2.15%"
"2022-8-10","8.84","8.80","8.98","8.80","222.81M","0.57%"
"2022-8-9","8.79","8.73","8.83","8.68","175.62M","0.80%"
"2022-8-8","8.72","8.80","8.81","8.69","189.88M","-1.13%"
"2022-8-5","8.82","8.64","8.85","8.62","252.32M","3.16%"
"2022-8-4","8.55","8.54","8.62","8.47","133.84M","0.71%"
"2022-8-3","8.49","8.56","8.70","8.47","157.13M","-1.28%"
"2022-8-2","8.60","8.73","8.73","8.51","201.54M","-2.71%"
"2022-8-1","8.84","8.94","8.95","8.78","149.29M","-1.01%"
"2022-7-29","8.93","9.06","9.07","8.90","178.23M","-0.45%"
"2022-7-28","8.97","8.94","9.15","8.92","254.05M","1.82%"
"2022-7-27","8.81","8.88","8.89","8.76","127.28M","-1.12%"
"2022-7-26","8.91","8.74","8.92","8.71","221.95M","2.30%"
"2022-7-25","8.71","8.67","8.78","8.67","129.88M","0.46%"
"2022-7-22","8.67","8.72","8.79","8.58","153.56M","0.00%"
"2022-7-21","8.67","8.71","8.78","8.65","155.18M","-1.37%"
"2022-7-20","8.79","8.78","8.84","8.73","163.35M","0.57%"
"2022-7-19","8.74","8.87","8.87","8.68","220.07M","-1.47%"
"2022-7-18","8.87","8.44","8.87","8.40","428.43M","5.97%"
"2022-7-15","8.37","8.52","8.62","8.36","323.75M","-2.90%"
"2022-7-14","8.62","8.71","8.76","8.58","315.78M","-1.49%"
"2022-7-13","8.75","8.85","8.85","8.70","267.77M","-1.91%"
"2022-7-12","8.92","9.00","9.04","8.92","185.28M","-1.44%"
"2022-7-11","9.05","9.15","9.15","9.00","199.48M","-0.22%"
"2022-7-8","9.07","9.17","9.17","9.05","179.64M","0.33%"
"2022-7-7","9.04","8.99","9.15","8.89","235.12M","0.00%"
"2022-7-6","9.04","9.17","9.18","8.97","508.56M","-3.32%"
"2022-7-5","9.35","9.36","9.43","9.30","257.96M","-0.11%"
"2022-7-4","9.36","9.40","9.41","9.29","261.48M","-1.16%"
"2022-7-1","9.47","9.33","9.54","9.23","320.56M","1.50%"
"2022-6-30","9.33","9.30","9.38","9.26","272.62M","1.41%"
"2022-6-29","9.20","9.29","9.33","9.16","292.82M","-1.71%"
"2022-6-28","9.36","9.29","9.37","9.19","323.09M","0.75%"
"2022-6-27","9.29","9.20","9.45","9.14","451.81M","0.98%"
"2022-6-24","9.20","9.15","9.25","9.11","354.00M","-1.08%"
"2022-6-23","9.30","9.20","9.30","9.16","260.96M","0.54%"
"2022-6-22","9.25","9.45","9.49","9.21","343.16M","-1.91%"
"2022-6-21","9.43","9.58","9.58","9.35","317.66M","-1.67%"
"2022-6-20","9.59","9.80","9.80","9.50","479.46M","-2.94%"
"2022-6-17","9.88","9.80","9.92","9.75","258.60M","-0.20%"
"2022-6-16","9.90","10.06","10.08","9.87","229.29M","-0.80%"
"2022-6-15","9.98","9.96","10.14","9.88","315.34M","-0.30%"
"2022-6-14","10.01","9.90","10.01","9.66","317.97M","-1.09%"
"2022-6-13","10.12","10.01","10.18","10.00","215.31M","-0.69%"
"2022-6-10","10.19","9.97","10.19","9.81","229.68M","-0.88%"
"2022-6-9","10.28","10.29","10.39","10.16","179.96M","-0.58%"
"2022-6-8","10.34","10.36","10.40","10.13","236.46M","0.39%"
"2022-6-7","10.30","10.43","10.47","10.24","219.95M","-0.96%"
"2022-6-6","10.40","9.96","10.42","9.96","433.53M","5.37%"
"2022-6-2","9.87","9.80","9.87","9.73","144.42M","0.10%"
"2022-6-1","9.86","10.05","10.05","9.75","249.92M","-1.99%"
"2022-5-31","10.06","10.08","10.09","9.95","176.53M","-0.49%"
"2022-5-30","10.11","9.99","10.25","9.96","265.53M","1.81%"
"2022-5-27","9.93","9.96","10.05","9.84","201.01M","0.71%"
"2022-5-26","9.86","9.95","9.95","9.67","191.67M","-0.40%"
"2022-5-25","9.90","9.79","9.93","9.71","187.54M","1.96%"
"2022-5-24","9.71","10.01","10.15","9.70","249.77M","-3.00%"
"2022-5-23","10.01","10.10","10.10","9.90","208.82M","-0.10%"
"2022-5-20","10.02","9.84","10.07","9.79","303.77M","3.09%"
"2022-5-19","9.72","9.54","9.76","9.49","170.77M","-0.72%"
"2022-5-18","9.79","10.00","10.02","9.72","234.66M","-1.81%"
"2022-5-17","9.97","9.78","9.98","9.70","309.54M","2.78%"
"2022-5-16","9.70","9.58","9.70","9.50","236.50M","1.78%"
"2022-5-13","9.53","9.49","9.57","9.33","254.80M","0.00%"
"2022-5-12","9.53","9.60","9.74","9.40","325.55M","-2.76%"
"2022-5-11","9.80","9.51","9.96","9.36","410.26M","1.77%"
"2022-5-10","9.63","9.50","9.65","9.26","462.89M","-1.73%"
"2022-5-9","9.80","9.97","9.99","9.66","297.42M","-2.68%"
"2022-5-6","10.07","10.39","10.42","10.00","338.45M","-7.10%"
"2022-5-5","10.84","10.92","10.94","10.59","247.03M","-2.08%"
"2022-4-29","11.07","10.83","11.08","10.68","229.88M","2.50%"
"2022-4-28","10.80","10.90","10.91","10.58","158.31M","-0.83%"
"2022-4-27","10.89","10.18","11.00","10.16","292.47M","6.35%"
"2022-4-26","10.24","10.62","10.66","10.09","234.31M","-3.58%"
"2022-4-25","10.62","10.88","11.10","10.53","249.78M","-6.27%"
"2022-4-22","11.33","10.90","11.45","10.71","193.63M","2.91%"
"2022-4-21","11.01","11.36","11.48","10.91","188.97M","-3.76%"
"2022-4-20","11.44","11.82","12.00","11.40","232.40M","-4.67%"
"2022-4-19","12.00","12.20","12.36","11.91","225.67M","-0.17%"
"2022-4-18","12.02","12.10","12.20","11.88","167.34M","-0.91%"
"2022-4-15","12.13","12.43","12.86","12.08","351.87M","-4.79%"
"2022-4-14","12.74","12.61","12.91","12.42","258.29M","1.68%"
"2022-4-13","12.53","11.78","12.74","11.73","415.82M","7.28%"
"2022-4-12","11.68","11.70","11.79","11.43","170.56M","0.00%"
"2022-4-11","11.68","12.00","12.02","11.48","245.76M","-2.26%"
"2022-4-8","11.95","11.60","12.05","11.59","323.99M","3.64%"
"2022-4-7","11.53","11.45","11.68","11.38","123.73M","-0.60%"
"2022-4-6","11.60","11.52","11.78","11.40","137.56M","1.31%"
"2022-4-1","11.45","11.37","11.59","11.20","131.87M","0.97%"
"2022-3-31","11.34","11.53","11.69","11.25","148.37M","-1.05%"
"2022-3-30","11.46","11.58","11.58","11.35","179.69M","-1.12%"
"2022-3-29","11.59","11.50","11.73","11.47","139.37M","0.26%"
"2022-3-28","11.56","11.44","11.69","11.25","192.20M","0.35%"
"2022-3-25","11.52","11.65","11.81","11.48","201.68M","-1.62%"
"2022-3-24","11.71","11.43","11.83","11.42","267.41M","3.26%"
"2022-3-23","11.34","11.40","11.40","11.18","170.92M","0.35%"
"2022-3-22","11.30","10.94","11.39","10.90","254.42M","2.73%"
"2022-3-21","11.00","10.82","11.06","10.55","235.03M","3.48%"
"2022-3-18","10.63","10.36","10.69","10.24","196.94M","3.20%"
"2022-3-17","10.30","10.30","10.49","10.15","213.10M","1.78%"
"2022-3-16","10.12","9.70","10.15","9.32","293.76M","5.97%"
"2022-3-15","9.55","10.07","10.14","9.52","378.22M","-8.61%"
"2022-3-14","10.45","10.75","10.85","10.44","216.69M","-4.83%"
"2022-3-11","10.98","10.89","10.98","10.65","198.18M","0.00%"
"2022-3-10","10.98","11.01","11.14","10.77","289.72M","-2.57%"
"2022-3-9","11.27","11.48","11.60","10.82","307.83M","-1.23%"
"2022-3-8","11.41","11.44","11.79","11.10","411.16M","-3.55%"
"2022-3-7","11.83","12.01","12.17","11.73","417.81M","2.16%"
"2022-3-4","11.58","11.81","11.97","11.52","295.24M","-2.44%"
"2022-3-3","11.87","11.52","12.09","11.52","455.23M","4.12%"
"2022-3-2","11.40","11.36","11.52","11.31","320.06M","2.24%"
"2022-3-1","11.15","11.23","11.26","10.97","202.57M","-0.62%"
"2022-2-28","11.22","11.00","11.28","10.85","305.74M","2.47%"
"2022-2-25","10.95","10.89","11.17","10.65","284.30M","-0.45%"
"2022-2-24","11.00","10.88","11.29","10.84","437.36M","0.73%"
"2022-2-23","10.92","11.11","11.14","10.83","260.73M","-2.50%"
"2022-2-22","11.20","11.17","11.26","10.96","191.08M","0.72%"
"2022-2-21","11.12","11.14","11.38","11.04","154.31M","-0.98%"
"2022-2-18","11.23","11.34","11.34","11.08","183.98M","-0.35%"
"2022-2-17","11.27","10.94","11.32","10.92","277.80M","3.11%"
"2022-2-16","10.93","10.83","11.03","10.77","162.69M","0.28%"
"2022-2-15","10.90","11.13","11.15","10.76","214.79M","-1.45%"
"2022-2-14","11.06","11.06","11.24","10.97","236.09M","0.00%"
"2022-2-11","11.06","11.27","11.62","11.05","353.53M","-1.34%"
"2022-2-10","11.21","11.02","11.41","11.02","526.34M","3.99%"
"2022-2-9","10.78","10.41","10.89","10.37","393.84M","4.15%"
"2022-2-8","10.35","10.28","10.35","10.13","190.47M","0.98%"
"2022-2-7","10.25","10.03","10.28","10.02","242.64M","5.02%"
"2022-1-28","9.76","9.88","9.99","9.61","148.02M","-1.51%"
"2022-1-27","9.91","10.20","10.20","9.90","177.75M","-2.65%"
"2022-1-26","10.18","10.20","10.27","9.98","140.69M","0.69%"
"2022-1-25","10.11","10.19","10.45","10.10","228.66M","-1.75%"
"2022-1-24","10.29","10.13","10.30","10.11","179.10M","0.19%"
"2022-1-21","10.27","10.13","10.35","9.97","293.43M","1.48%"
"2022-1-20","10.12","10.08","10.21","10.05","278.93M","2.33%"
"2022-1-19","9.89","9.95","10.01","9.83","159.29M","-0.50%"
"2022-1-18","9.94","9.75","10.09","9.67","247.70M","2.69%"
"2022-1-17","9.68","9.85","9.86","9.58","197.78M","-1.43%"
"2022-1-14","9.82","10.00","10.01","9.78","195.31M","-2.39%"
"2022-1-13","10.06","10.23","10.46","10.05","389.07M","0.50%"
"2022-1-12","10.01","9.49","10.09","9.49","438.18M","6.15%"
"2022-1-11","9.43","9.42","9.49","9.38","107.03M","0.32%"
"2022-1-10","9.40","9.37","9.43","9.31","130.26M","0.32%"
"2022-1-7","9.37","9.65","9.66","9.30","288.60M","-3.10%"
"2022-1-6","9.67","9.71","9.81","9.65","112.22M","-1.02%"
"2022-1-5","9.77","9.80","9.86","9.72","117.86M","-0.51%"
"2022-1-4","9.82","9.70","9.86","9.62","151.94M","1.24%"
"2021-12-31","9.70","9.67","9.73","9.62","80.55M","0.62%"
"2021-12-30","9.64","9.65","9.74","9.59","90.56M","0.21%"
"2021-12-29","9.62","9.70","9.72","9.58","105.09M","-0.93%"
"2021-12-28","9.71","9.62","9.74","9.56","127.95M","1.36%"
"2021-12-27","9.58","9.76","9.76","9.54","130.99M","-1.14%"
"2021-12-24","9.69","10.03","10.03","9.63","229.75M","-3.39%"
"2021-12-23","10.03","10.00","10.08","9.96","108.67M","0.60%"
"2021-12-22","9.97","9.99","10.04","9.94","100.05M","-0.20%"
"2021-12-21","9.99","9.94","10.01","9.92","81.49M","0.30%"
"2021-12-20","9.96","10.02","10.12","9.92","234.66M","-2.06%"
"2021-12-17","10.17","10.18","10.33","10.16","184.01M","0.59%"
"2021-12-16","10.11","10.05","10.14","10.00","154.93M","0.60%"
"2021-12-15","10.05","10.11","10.12","10.03","153.26M","-0.89%"
"2021-12-14","10.14","10.30","10.32","10.10","201.75M","-2.31%"
"2021-12-13","10.38","10.28","10.49","10.25","225.46M","1.17%"
"2021-12-10","10.26","10.31","10.32","10.16","152.27M","-0.97%"
"2021-12-9","10.36","10.34","10.39","10.28","179.50M","0.58%"
"2021-12-8","10.30","10.34","10.34","10.25","149.70M","0.49%"
"2021-12-7","10.25","10.26","10.28","10.16","154.85M","0.79%"
"2021-12-6","10.17","10.12","10.26","10.06","165.71M","0.49%"
"2021-12-3","10.12","10.05","10.12","9.97","180.80M","0.80%"
"2021-12-2","10.04","10.09","10.14","10.01","171.60M","-0.99%"
"2021-12-1","10.14","10.09","10.17","10.00","173.40M","-0.10%"
"2021-11-30","10.15","10.27","10.32","10.13","164.77M","-0.98%"
"2021-11-29","10.25","10.20","10.44","10.08","196.59M","-1.06%"
"2021-11-26","10.36","10.44","10.46","10.33","136.93M","-1.61%"
"2021-11-25","10.53","10.48","10.57","10.34","147.35M","0.86%"
"2021-11-24","10.44","10.60","10.62","10.36","155.17M","-1.32%"
"2021-11-23","10.58","10.50","10.68","10.46","163.77M","0.38%"
"2021-11-22","10.54","10.44","10.56","10.37","155.70M","1.05%"
"2021-11-19","10.43","10.36","10.45","10.24","165.88M","0.68%"
"2021-11-18","10.36","10.32","10.44","10.32","135.20M","-0.58%"
"2021-11-17","10.42","10.31","10.44","10.28","103.45M","0.58%"
"2021-11-16","10.36","10.57","10.61","10.32","163.08M","-1.89%"
"2021-11-15","10.56","10.75","10.90","10.50","160.91M","-1.68%"
"2021-11-12","10.74","10.76","10.95","10.73","178.95M","0.47%"
"2021-11-11","10.69","10.50","10.73","10.50","200.02M","1.33%"
"2021-11-10","10.55","10.54","10.58","10.35","168.88M","-0.09%"
"2021-11-9","10.56","10.60","10.65","10.41","165.08M","0.48%"
"2021-11-8","10.51","10.30","10.64","10.30","291.24M","3.24%"
"2021-11-5","10.18","10.17","10.25","10.15","150.87M","-0.78%"
"2021-11-4","10.26","10.21","10.26","10.12","188.21M","0.59%"
"2021-11-3","10.20","10.23","10.26","10.08","231.63M","-0.29%"
"2021-11-2","10.23","10.47","10.52","10.05","315.80M","-2.39%"
"2021-11-1","10.48","10.37","10.56","10.28","210.22M","0.19%"
"2021-10-29","10.46","10.59","10.64","10.37","208.89M","-0.48%"
"2021-10-28","10.51","10.70","10.82","10.37","286.53M","-3.49%"
"2021-10-27","10.89","11.20","11.26","10.84","276.19M","-3.71%"
"2021-10-26","11.31","11.26","11.47","11.11","224.97M","1.34%"
"2021-10-25","11.16","11.12","11.27","10.88","194.37M","0.36%"
"2021-10-22","11.12","11.10","11.24","10.90","305.70M","-1.94%"
"2021-10-21","11.34","11.43","11.58","11.25","284.05M","0.18%"
"2021-10-20","11.32","11.38","11.46","11.16","428.67M","-4.07%"
"2021-10-19","11.80","11.40","11.88","11.27","410.11M","2.08%"
"2021-10-18","11.56","11.70","11.80","11.18","529.09M","0.87%"
"2021-10-15","11.46","11.20","11.95","11.20","514.94M","2.96%"
"2021-10-14","11.13","11.00","11.34","11.00","384.86M","3.92%"
"2021-10-13","10.71","10.71","10.78","10.56","146.90M","-1.02%"
"2021-10-12","10.82","10.98","10.98","10.53","316.03M","-1.99%"
"2021-10-11","11.04","10.73","11.20","10.62","555.73M","7.60%"
"2021-10-8","10.26","10.26","10.30","10.06","151.93M","1.68%"
"2021-9-30","10.09","10.00","10.10","9.98","123.46M","0.70%"
"2021-9-29","10.02","10.10","10.15","9.91","224.66M","-1.96%"
"2021-9-28","10.22","10.14","10.36","10.09","192.16M","0.89%"
"2021-9-27","10.13","10.33","10.37","10.01","291.33M","-2.03%"
"2021-9-24","10.34","10.52","10.63","10.31","290.75M","-2.27%"
"2021-9-23","10.58","10.79","10.85","10.52","273.48M","-1.21%"
"2021-9-22","10.71","10.50","10.73","10.43","276.15M","-0.93%"
"2021-9-17","10.81","10.82","11.07","10.59","374.82M","-2.70%"
"2021-9-16","11.11","11.70","11.83","11.10","390.50M","-3.56%"
"2021-9-15","11.52","11.60","11.67","11.31","356.75M","-1.71%"
"2021-9-14","11.72","12.10","12.22","11.67","572.34M","-5.41%"
"2021-9-13","12.39","12.28","12.68","12.13","720.54M","3.51%"
"2021-9-10","11.97","11.42","12.45","11.38","920.21M","4.72%"
"2021-9-9","11.43","10.77","11.57","10.73","791.36M","5.35%"
"2021-9-8","10.85","10.91","11.04","10.68","423.47M","-1.18%"
"2021-9-7","10.98","10.96","11.09","10.82","355.05M","0.27%"
"2021-9-6","10.95","11.22","11.28","10.76","382.57M","-1.08%"
"2021-9-3","11.07","11.02","11.42","10.94","478.08M","1.56%"
"2021-9-2","10.90","10.59","11.04","10.55","371.84M","1.96%"
"2021-9-1","10.69","11.12","11.24","10.57","476.20M","-3.78%"
"2021-8-31","11.11","10.80","11.11","10.65","482.80M","2.02%"
"2021-8-30","10.89","10.66","11.02","10.53","536.41M","4.21%"
"2021-8-27","10.45","10.31","10.50","10.28","278.71M","0.58%"
"2021-8-26","10.39","10.43","10.67","10.37","295.88M","-1.24%"
"2021-8-25","10.52","10.32","10.62","10.13","345.75M","1.94%"
"2021-8-24","10.32","10.25","10.43","10.21","304.86M","1.78%"
"2021-8-23","10.14","10.13","10.25","10.02","296.51M","1.00%"
"2021-8-20","10.04","10.13","10.14","9.90","414.31M","-2.90%"
"2021-8-19","10.34","10.62","10.65","10.11","591.19M","-5.22%"
"2021-8-18","10.91","10.79","10.98","10.60","359.92M","-0.37%"
"2021-8-17","10.95","11.07","11.44","10.78","448.25M","-1.97%"
"2021-8-16","11.17","11.44","11.84","11.15","539.01M","-1.06%"
"2021-8-13","11.29","10.90","11.34","10.78","507.96M","2.54%"
"2021-8-12","11.01","10.62","11.15","10.51","664.06M","3.97%"
"2021-8-11","10.59","10.65","10.82","10.48","337.03M","0.38%"
"2021-8-10","10.55","10.56","10.68","10.40","294.26M","-1.31%"
"2021-8-9","10.69","10.30","10.92","10.21","409.48M","0.09%"
"2021-8-6","10.68","10.23","10.76","10.23","500.14M","3.89%"
"2021-8-5","10.28","10.33","10.42","10.16","342.68M","-2.37%"
"2021-8-4","10.53","10.42","10.59","10.22","357.41M","1.15%"
"2021-8-3","10.41","10.76","10.77","10.33","410.34M","-3.70%"
"2021-8-2","10.81","10.38","11.00","10.16","583.62M","5.46%"
"2021-7-30","10.25","10.24","10.40","10.09","291.42M","0.10%"
"2021-7-29","10.24","10.18","10.30","9.92","392.96M","2.20%"
"2021-7-28","10.02","10.51","10.60","9.91","551.30M","-5.83%"
"2021-7-27","10.64","10.52","11.13","10.47","927.63M","4.52%"
"2021-7-26","10.18","10.35","10.45","9.95","465.88M","0.49%"
"2021-7-23","10.13","10.03","10.38","10.00","438.24M","1.00%"
"2021-7-22","10.03","9.77","10.10","9.70","374.18M","2.14%"
"2021-7-21","9.82","9.75","9.84","9.65","293.46M","1.03%"
"2021-7-20","9.72","9.77","9.78","9.62","274.59M","-2.51%"
"2021-7-19","9.97","9.92","10.05","9.85","255.39M","-0.30%"
"2021-7-16","10.00","10.00","10.20","9.88","271.51M","-0.30%"
"2021-7-15","10.03","9.84","10.04","9.65","299.81M","2.14%"
"2021-7-14","9.82","10.03","10.03","9.78","303.09M","-3.25%"
"2021-7-13","10.15","10.30","10.50","10.03","287.84M","-2.22%"
"2021-7-12","10.38","10.48","10.70","10.28","515.75M","2.37%"
"2021-7-9","10.14","9.63","10.23","9.55","524.99M","4.21%"
"2021-7-8","9.73","10.07","10.09","9.68","307.12M","-2.60%"
"2021-7-7","9.99","9.83","10.07","9.76","244.86M","-0.50%"
"2021-7-6","10.04","10.11","10.15","9.90","245.21M","0.10%"
"2021-7-5","10.03","9.85","10.08","9.84","298.25M","1.93%"
"2021-7-2","9.84","9.88","10.09","9.79","302.37M","0.51%"
"2021-7-1","9.79","9.74","9.79","9.61","159.49M","1.03%"
"2021-6-30","9.69","9.64","9.75","9.52","141.34M","0.41%"
"2021-6-29","9.65","9.93","9.93","9.57","287.64M","-3.21%"
"2021-6-28","9.97","10.15","10.15","9.92","239.33M","-1.77%"
"2021-6-25","10.15","9.75","10.17","9.75","371.82M","4.32%"
"2021-6-24","9.73","9.83","9.87","9.62","207.42M","-0.51%"
"2021-6-23","9.78","9.83","9.84","9.69","235.78M","0.00%"
"2021-6-22","9.78","9.86","9.89","9.71","227.17M","0.20%"
"2021-6-21","9.76","9.64","9.85","9.57","243.55M","-0.10%"
"2021-6-18","9.77","9.53","9.84","9.38","398.96M","-1.01%"
"2021-6-17","9.87","9.78","10.07","9.73","251.85M","-0.70%"
"2021-6-16","9.94","10.27","10.39","9.90","416.74M","-5.06%"
"2021-6-15","10.47","10.88","10.90","10.40","460.80M","-4.82%"
"2021-6-11","11.00","11.12","11.27","10.81","418.51M","-0.63%"
"2021-6-10","11.07","11.10","11.24","11.05","216.08M","-0.09%"
"2021-6-9","11.08","11.20","11.20","10.91","207.38M","0.18%"
"2021-6-8","11.06","11.29","11.35","10.99","261.48M","-0.98%"
"2021-6-7","11.17","10.87","11.32","10.85","332.36M","3.04%"
"2021-6-4","10.84","10.51","10.97","10.39","402.90M","-1.45%"
"2021-6-3","11.00","11.14","11.27","11.00","264.73M","-1.61%"
"2021-6-2","11.18","11.30","11.40","11.15","241.05M","-2.27%"
"2021-6-1","11.44","11.15","11.44","11.07","299.21M","1.87%"
"2021-5-31","11.23","11.29","11.38","11.09","274.21M","0.36%"
"2021-5-28","11.19","11.44","11.51","11.19","284.48M","0.45%"
"2021-5-27","11.14","11.19","11.24","10.96","235.78M","0.72%"
"2021-5-26","11.06","10.93","11.19","10.88","264.62M","1.19%"
"2021-5-25","10.93","10.69","11.01","10.55","309.19M","2.92%"
"2021-5-24","10.62","10.56","10.76","10.49","261.06M","-1.85%"
"2021-5-21","10.82","10.80","11.03","10.67","273.64M","-1.01%"
"2021-5-20","10.93","10.90","11.10","10.60","440.45M","-4.29%"
"2021-5-19","11.42","11.57","11.57","11.32","260.69M","-2.64%"
"2021-5-18","11.73","11.74","11.88","11.59","293.72M","2.45%"
"2021-5-17","11.45","11.12","11.50","11.00","382.90M","3.53%"
"2021-5-14","11.06","11.01","11.12","10.70","359.97M","-0.18%"
"2021-5-13","11.08","11.26","11.41","11.00","401.69M","-5.70%"
"2021-5-12","11.75","11.50","11.78","11.41","267.05M","1.47%"
"2021-5-11","11.58","11.90","11.90","11.31","533.98M","-6.23%"
"2021-5-10","12.35","12.35","12.50","12.13","577.79M","3.61%"
"2021-5-7","11.92","11.97","12.09","11.84","501.56M","3.29%"
"2021-5-6","11.54","11.56","11.97","11.41","498.38M","4.62%"
"2021-4-30","11.03","11.20","11.41","10.85","369.98M","-2.90%"
"2021-4-29","11.36","11.31","11.48","11.16","352.85M","2.43%"
"2021-4-28","11.09","11.02","11.23","10.85","299.16M","-1.77%"
"2021-4-27","11.29","11.32","11.54","11.01","490.88M","1.26%"
"2021-4-26","11.15","11.03","11.40","10.93","486.23M","3.43%"
"2021-4-23","10.78","10.56","10.82","10.41","285.52M","1.70%"
"2021-4-22","10.60","10.66","10.83","10.52","258.89M","0.47%"
"2021-4-21","10.55","10.50","10.66","10.35","240.99M","-1.77%"
"2021-4-20","10.74","10.50","10.86","10.46","375.16M","0.85%"
"2021-4-19","10.65","10.24","10.65","9.98","399.90M","4.11%"
"2021-4-16","10.23","10.57","10.69","10.20","411.96M","0.20%"
"2021-4-15","10.21","10.10","10.24","9.80","283.60M","2.82%"
"2021-4-14","9.93","9.72","9.97","9.72","222.36M","2.37%"
"2021-4-13","9.70","9.59","9.83","9.51","215.46M","0.21%"
"2021-4-12","9.68","10.17","10.17","9.60","382.58M","-5.93%"
"2021-4-9","10.29","10.59","10.62","10.25","227.73M","-2.28%"
"2021-4-8","10.53","10.20","10.68","10.07","409.92M","2.83%"
"2021-4-7","10.24","10.25","10.29","9.90","253.07M","0.89%"
"2021-4-6","10.15","10.35","10.44","10.13","306.08M","0.20%"
"2021-4-2","10.13","9.85","10.14","9.82","395.35M","4.00%"
"2021-4-1","9.74","9.72","9.82","9.61","230.82M","1.25%"
"2021-3-31","9.62","9.81","9.83","9.45","341.75M","-3.12%"
"2021-3-30","9.93","9.81","10.16","9.68","296.08M","0.00%"
"2021-3-29","9.93","9.92","10.00","9.65","295.01M","0.20%"
"2021-3-26","9.91","9.60","10.02","9.52","408.90M","3.66%"
"2021-3-25","9.56","9.45","9.79","9.41","397.27M","2.14%"
"2021-3-24","9.36","9.90","10.03","9.30","573.32M","-7.60%"
"2021-3-23","10.13","10.78","10.84","10.00","437.96M","-4.97%"
"2021-3-22","10.66","10.75","10.84","10.41","311.30M","-1.57%"
"2021-3-19","10.83","10.82","11.03","10.69","360.64M","-3.13%"
"2021-3-18","11.18","11.40","11.57","11.15","302.58M","0.81%"
"2021-3-17","11.09","10.80","11.11","10.66","244.47M","-0.18%"
"2021-3-16","11.11","11.28","11.30","10.75","305.39M","-1.24%"
"2021-3-15","11.25","11.30","11.64","10.97","418.27M","-0.88%"
"2021-3-12","11.35","11.71","11.77","11.06","460.87M","-1.65%"
"2021-3-11","11.54","10.65","11.54","10.54","573.00M","10.01%"
"2021-3-10","10.49","10.79","10.80","10.35","296.48M","-2.05%"
"2021-3-9","10.71","10.70","11.07","10.01","505.21M","0.37%"
"2021-3-8","10.67","11.33","11.40","10.59","418.20M","-3.00%"
"2021-3-5","11.00","10.78","11.13","10.60","532.96M","-3.93%"
"2021-3-4","11.45","11.93","12.03","11.20","603.70M","-7.06%"
"2021-3-3","12.32","11.96","12.35","11.80","522.20M","4.85%"
"2021-3-2","11.75","12.10","12.10","11.55","495.70M","-4.63%"
"2021-3-1","12.32","12.22","12.40","11.76","531.90M","1.07%"
"2021-2-26","12.19","12.19","12.56","11.98","636.15M","-6.09%"
"2021-2-25","12.98","13.65","13.74","12.88","546.81M","-0.92%"
"2021-2-24","13.10","13.95","14.27","12.55","763.93M","-5.42%"
"2021-2-23","13.85","14.10","14.54","13.77","717.28M","-5.33%"
"2021-2-22","14.63","14.46","15.00","14.32","1.03B","7.26%"
"2021-2-19","13.64","13.67","14.11","12.89","1.01B","2.63%"
"2021-2-18","13.29","13.29","13.29","13.29","81.75M","10.02%"
"2021-2-10","12.08","11.47","12.28","11.43","426.76M","6.53%"
"2021-2-9","11.34","10.98","11.35","10.78","347.10M","7.08%"
"2021-2-8","10.59","10.10","10.65","10.06","302.45M","8.06%"
"2021-2-5","9.80","9.99","10.34","9.73","263.34M","-3.45%"
"2021-2-4","10.15","10.50","10.56","10.03","186.61M","-3.24%"
"2021-2-3","10.49","10.59","10.76","10.25","281.47M","-2.87%"
"2021-2-2","10.80","10.48","10.89","10.33","280.80M","3.45%"
"2021-2-1","10.44","9.94","10.48","9.82","355.22M","8.75%"
"2021-1-29","9.60","9.90","10.00","9.31","277.14M","-0.83%"
"2021-1-28","9.68","10.00","10.21","9.60","351.89M","-7.10%"
"2021-1-27","10.42","10.79","10.92","10.15","264.59M","-2.98%"
"2021-1-26","10.74","11.00","11.00","10.51","268.88M","-2.81%"
"2021-1-25","11.05","10.84","11.34","10.72","302.13M","2.03%"
"2021-1-22","10.83","10.87","10.99","10.66","209.06M","-1.28%"
"2021-1-21","10.97","10.70","11.15","10.62","327.40M","3.88%"
"2021-1-20","10.56","10.28","10.66","10.28","207.54M","2.72%"
"2021-1-19","10.28","10.55","10.74","10.14","241.52M","-3.84%"
"2021-1-18","10.69","10.30","10.71","9.93","297.69M","1.23%"
"2021-1-15","10.56","10.59","10.88","10.24","265.91M","1.25%"
"2021-1-14","10.43","10.62","10.72","10.31","248.92M","-2.34%"
"2021-1-13","10.68","10.92","11.56","10.51","446.55M","-2.02%"
"2021-1-12","10.90","10.30","10.90","10.23","330.39M","2.16%"
"2021-1-11","10.67","10.90","11.12","10.50","471.69M","-5.99%"
"2021-1-8","11.35","11.40","11.52","10.90","389.43M","1.52%"
"2021-1-7","11.18","10.43","11.32","10.38","447.95M","6.48%"
"2021-1-6","10.50","10.45","10.79","10.31","382.79M","2.84%"
"2021-1-5","10.21","10.09","10.25","9.85","362.74M","1.69%"
"2021-1-4","10.04","9.42","10.17","9.38","445.17M","8.07%"
"2020-12-31","9.29","9.32","9.43","9.16","243.89M","0.22%"
"2020-12-30","9.27","9.09","9.36","8.99","245.10M","1.87%"
"2020-12-29","9.10","9.51","9.55","9.10","244.06M","-3.60%"
"2020-12-28","9.44","9.37","9.65","9.35","321.03M","1.83%"
"2020-12-25","9.27","8.93","9.30","8.71","273.36M","4.04%"
"2020-12-24","8.91","8.82","9.07","8.82","200.99M","1.60%"
"2020-12-23","8.77","8.67","8.85","8.52","249.85M","0.23%"
"2020-12-22","8.75","9.18","9.23","8.71","391.53M","-6.82%"
"2020-12-21","9.39","9.33","9.48","9.16","280.07M","2.18%"
"2020-12-18","9.19","8.95","9.33","8.92","374.92M","4.08%"
"2020-12-17","8.83","8.41","8.83","8.38","359.55M","5.37%"
"2020-12-16","8.38","8.43","8.50","8.19","195.56M","0.60%"
"2020-12-15","8.33","8.42","8.45","8.11","285.01M","-2.12%"
"2020-12-14","8.51","8.30","8.57","8.20","191.30M","0.95%"
"2020-12-11","8.43","8.81","8.84","8.29","285.49M","-1.40%"
"2020-12-10","8.55","8.51","8.60","8.20","297.76M","-1.84%"
"2020-12-9","8.71","8.92","9.05","8.68","234.84M","-2.24%"
"2020-12-8","8.91","8.91","9.13","8.80","285.71M","1.14%"
"2020-12-7","8.81","9.07","9.18","8.71","264.86M","-3.50%"
"2020-12-4","9.13","8.88","9.15","8.75","267.80M","3.05%"
"2020-12-3","8.86","9.22","9.29","8.77","377.38M","-5.24%"
"2020-12-2","9.35","9.55","9.70","9.20","330.16M","-0.43%"
"2020-12-1","9.39","9.13","9.39","9.05","260.74M","1.08%"
"2020-11-30","9.29","8.91","9.47","8.82","430.31M","3.80%"
"2020-11-27","8.95","9.00","9.10","8.68","258.48M","1.02%"
"2020-11-26","8.86","8.62","8.86","8.58","296.72M","2.78%"
"2020-11-25","8.62","9.12","9.40","8.60","527.47M","-5.79%"
"2020-11-24","9.15","8.89","9.16","8.81","368.03M","-0.11%"
"2020-11-23","9.16","9.16","9.43","8.82","490.87M","2.00%"
"2020-11-20","8.98","8.34","8.98","8.30","341.60M","7.16%"
"2020-11-19","8.38","8.35","8.43","8.11","233.17M","-0.48%"
"2020-11-18","8.42","8.16","8.86","8.15","467.09M","2.56%"
"2020-11-17","8.21","8.19","8.41","8.11","289.94M","0.24%"
"2020-11-16","8.19","7.78","8.30","7.78","402.64M","7.20%"
"2020-11-13","7.64","7.70","7.77","7.52","155.57M","-0.39%"
"2020-11-12","7.67","7.47","7.72","7.34","248.02M","1.86%"
"2020-11-11","7.53","7.68","7.75","7.50","223.13M","-2.21%"
"2020-11-10","7.70","7.75","7.86","7.61","389.53M","-5.29%"
"2020-11-9","8.13","8.02","8.17","7.95","293.70M","2.91%"
"2020-11-6","7.90","7.85","8.03","7.76","318.34M","3.13%"
"2020-11-5","7.66","7.74","7.80","7.51","220.68M","-0.13%"
"2020-11-4","7.67","7.65","7.73","7.51","198.74M","0.26%"
"2020-11-3","7.65","7.26","7.89","7.22","416.72M","6.40%"
"2020-11-2","7.19","7.07","7.22","7.00","202.03M","2.86%"
"2020-10-30","6.99","7.04","7.28","6.95","196.61M","-0.29%"
"2020-10-29","7.01","6.95","7.08","6.88","150.84M","-2.09%"
"2020-10-28","7.16","7.05","7.23","7.00","165.67M","1.27%"
"2020-10-27","7.07","7.00","7.10","6.98","125.89M","0.43%"
"2020-10-26","7.04","6.91","7.07","6.77","187.10M","1.88%"
"2020-10-23","6.91","6.87","7.03","6.86","123.05M","-0.72%"
"2020-10-22","6.96","6.99","7.00","6.86","132.25M","-0.14%"
"2020-10-21","6.97","6.88","7.04","6.88","250.98M","3.26%"
"2020-10-20","6.75","6.71","6.82","6.57","181.65M","1.05%"
"2020-10-19","6.68","6.60","6.71","6.48","146.24M","1.37%"
"2020-10-16","6.59","6.70","6.82","6.56","164.11M","0.46%"
"2020-10-15","6.56","6.51","6.67","6.49","132.36M","1.08%"
"2020-10-14","6.49","6.41","6.54","6.37","126.96M","-1.37%"
"2020-10-13","6.58","6.54","6.60","6.42","143.85M","0.00%"
"2020-10-12","6.58","6.24","6.59","6.24","283.98M","5.79%"
"2020-10-9","6.22","6.25","6.28","6.15","255.64M","1.14%"
"2020-9-30","6.15","6.25","6.29","6.07","160.12M","-0.65%"
"2020-9-29","6.19","6.32","6.42","6.16","208.12M","0.00%"
"2020-9-28","6.19","6.22","6.28","6.09","155.84M","-0.16%"
"2020-9-25","6.20","6.13","6.24","6.10","220.72M","2.99%"
"2020-9-24","6.02","6.28","6.30","6.00","394.36M","-6.67%"
"2020-9-23","6.45","6.58","6.63","6.38","256.80M","-1.68%"
"2020-9-22","6.56","6.60","6.77","6.51","281.92M","-4.51%"
"2020-9-21","6.87","7.02","7.11","6.83","198.00M","-2.28%"
"2020-9-18","7.03","6.86","7.05","6.82","220.92M","3.38%"
"2020-9-17","6.80","6.98","6.99","6.74","233.63M","-3.41%"
"2020-9-16","7.04","7.05","7.14","6.92","168.62M","-1.81%"
"2020-9-15","7.17","7.20","7.28","7.11","237.32M","0.42%"
"2020-9-14","7.14","7.00","7.24","6.85","286.50M","3.33%"
"2020-9-11","6.91","6.90","6.96","6.73","214.29M","-1.00%"
"2020-9-10","6.98","6.90","7.17","6.83","343.48M","3.71%"
"2020-9-9","6.73","6.84","6.99","6.71","233.01M","-4.40%"
"2020-9-8","7.04","6.99","7.12","6.71","305.84M","-0.71%"
"2020-9-7","7.09","7.10","7.43","6.97","350.76M","1.29%"
"2020-9-4","7.00","6.92","7.19","6.91","223.54M","-0.85%"
"2020-9-3","7.06","7.01","7.25","6.95","270.13M","-0.98%"
"2020-9-2","7.13","7.25","7.31","7.02","346.90M","-2.86%"
"2020-9-1","7.34","7.20","7.49","7.15","444.80M","2.09%"
"2020-8-31","7.19","6.77","7.32","6.76","746.29M","8.12%"
"2020-8-28","6.65","6.45","6.69","6.29","259.64M","2.62%"
"2020-8-27","6.48","6.66","6.71","6.42","186.83M","-0.77%"
"2020-8-26","6.53","6.53","6.72","6.43","264.11M","-1.06%"
"2020-8-25","6.60","6.76","6.76","6.34","368.17M","-1.49%"
"2020-8-24","6.70","6.30","6.80","6.26","492.13M","8.06%"
"2020-8-21","6.20","6.33","6.40","6.16","208.85M","-1.90%"
"2020-8-20","6.32","6.19","6.55","6.10","355.20M","-2.77%"
"2020-8-19","6.50","6.36","6.52","6.28","452.82M","2.20%"
"2020-8-18","6.36","6.27","6.41","6.18","305.11M","4.09%"
"2020-8-17","6.11","5.75","6.16","5.69","317.02M","5.71%"
"2020-8-14","5.78","5.74","5.92","5.70","181.25M","1.05%"
"2020-8-13","5.72","5.71","5.77","5.60","197.71M","0.35%"
"2020-8-12","5.70","5.59","5.76","5.44","596.55M","-5.47%"
"2020-8-11","6.03","6.20","6.35","6.00","398.07M","-4.74%"
"2020-8-10","6.33","6.37","6.43","6.20","408.54M","-4.67%"
"2020-8-7","6.64","6.57","6.98","6.51","728.25M","1.07%"
"2020-8-6","6.57","6.09","6.60","6.08","718.27M","8.77%"
"2020-8-5","6.04","5.97","6.05","5.82","471.02M","4.32%"
"2020-8-4","5.79","5.83","5.95","5.76","285.04M","-0.86%"
"2020-8-3","5.84","5.80","5.88","5.71","300.13M","-0.17%"
"2020-7-31","5.85","5.70","5.85","5.63","349.91M","3.54%"
"2020-7-30","5.65","5.77","5.86","5.63","294.11M","-1.57%"
"2020-7-29","5.74","5.76","5.79","5.58","419.69M","-0.35%"
"2020-7-28","5.76","6.23","6.30","5.70","641.08M","-4.32%"
"2020-7-27","6.02","5.77","6.04","5.69","581.69M","6.93%"
"2020-7-24","5.63","5.78","5.87","5.54","359.07M","-3.26%"
"2020-7-23","5.82","5.93","5.95","5.62","305.91M","-0.51%"
"2020-7-22","5.85","6.01","6.08","5.82","383.97M","2.99%"
"2020-7-21","5.68","5.71","5.78","5.60","298.57M","1.25%"
"2020-7-20","5.61","5.46","5.62","5.42","380.51M","4.86%"
"2020-7-17","5.35","5.30","5.44","5.21","243.14M","-1.65%"
"2020-7-16","5.44","5.58","5.78","5.40","308.01M","-3.72%"
"2020-7-15","5.65","5.85","5.94","5.60","368.16M","-2.92%"
"2020-7-14","5.82","5.78","5.95","5.70","426.06M","-3.00%"
"2020-7-13","6.00","5.83","6.07","5.81","576.16M","6.01%"
"2020-7-10","5.66","6.00","6.00","5.64","623.38M","-7.82%"
"2020-7-9","6.14","5.65","6.14","5.65","690.23M","10.04%"
"2020-7-8","5.58","5.16","5.60","5.14","565.32M","8.77%"
"2020-7-7","5.13","5.20","5.45","5.12","463.26M","0.39%"
"2020-7-6","5.11","4.77","5.13","4.77","525.67M","7.58%"
"2020-7-3","4.75","4.60","4.79","4.58","330.13M","2.81%"
"2020-7-2","4.62","4.51","4.65","4.51","272.08M","0.65%"
"2020-7-1","4.59","4.47","4.70","4.47","336.23M","4.32%"
"2020-6-30","4.40","4.37","4.42","4.31","159.96M","0.69%"
"2020-6-29","4.37","4.37","4.44","4.30","191.70M","-0.23%"
"2020-6-24","4.38","4.33","4.41","4.32","240.45M","3.30%"
"2020-6-23","4.24","4.28","4.31","4.21","145.36M","-0.24%"
"2020-6-22","4.25","4.21","4.34","4.20","283.33M","2.16%"
"2020-6-19","4.16","4.15","4.20","4.11","203.31M","0.24%"
"2020-6-18","4.15","4.05","4.18","3.99","315.16M","2.98%"
"2020-6-17","4.03","3.98","4.03","3.94","164.78M","0.75%"
"2020-6-16","4.00","3.93","4.02","3.92","153.54M","2.30%"
"2020-6-15","3.91","3.97","4.00","3.91","138.58M","-1.51%"
"2020-6-12","3.97","3.93","4.00","3.91","156.65M","-1.98%"
"2020-6-11","4.05","4.08","4.14","4.03","204.94M","1.00%"
"2020-6-10","4.01","4.10","4.12","3.98","134.19M","-0.74%"
"2020-6-9","4.04","4.03","4.06","3.99","176.54M","0.75%"
"2020-6-8","4.01","3.87","4.03","3.87","358.92M","4.97%"
"2020-6-5","3.82","3.87","3.87","3.81","122.96M","-0.78%"
"2020-6-4","3.85","3.88","3.90","3.84","153.91M","-2.04%"
"2020-6-3","3.93","3.88","3.98","3.86","181.30M","1.29%"
"2020-6-2","3.88","3.89","3.92","3.84","140.91M","-0.26%"
"2020-6-1","3.89","3.81","3.91","3.80","204.16M","2.91%"
"2020-5-29","3.78","3.80","3.82","3.75","148.43M","-1.31%"
"2020-5-28","3.83","3.82","3.86","3.79","142.38M","0.79%"
"2020-5-27","3.80","3.83","3.84","3.78","155.70M","-2.06%"
"2020-5-26","3.88","3.87","3.92","3.85","114.43M","1.04%"
"2020-5-25","3.84","3.89","3.89","3.81","141.22M","-2.04%"
"2020-5-22","3.92","4.02","4.02","3.88","155.08M","-2.73%"
"2020-5-21","4.03","4.11","4.15","4.01","145.38M","-2.18%"
"2020-5-20","4.12","4.09","4.16","4.05","187.88M","2.49%"
"2020-5-19","4.02","4.08","4.11","4.00","208.51M","-2.90%"
"2020-5-18","4.14","4.03","4.19","3.99","370.65M","5.08%"
"2020-5-15","3.94","3.87","3.96","3.85","211.46M","2.87%"
"2020-5-14","3.83","3.89","3.90","3.80","132.54M","-1.29%"
"2020-5-13","3.88","3.88","3.90","3.85","108.11M","0.00%"
"2020-5-12","3.88","3.93","3.94","3.86","161.93M","-1.77%"
"2020-5-11","3.95","3.99","4.02","3.94","129.29M","-1.50%"
"2020-5-8","4.01","4.03","4.05","3.97","148.64M","1.52%"
"2020-5-7","3.95","3.93","4.03","3.91","152.44M","-0.25%"
"2020-5-6","3.96","3.92","3.98","3.90","149.22M","1.28%"
"2020-4-30","3.91","3.93","3.95","3.86","182.03M","-0.26%"
"2020-4-29","3.92","3.97","4.00","3.89","139.86M","-1.26%"
"2020-4-28","3.97","3.84","3.98","3.76","392.07M","3.39%"
"2020-4-27","3.84","3.95","4.00","3.81","588.58M","-9.22%"
"2020-4-24","4.23","4.13","4.25","4.11","296.70M","1.93%"
"2020-4-23","4.15","4.16","4.21","4.10","264.95M","2.22%"
"2020-4-22","4.06","4.05","4.09","4.02","156.44M","-0.73%"
"2020-4-21","4.09","4.12","4.16","4.03","159.91M","-1.21%"
"2020-4-20","4.14","4.08","4.17","4.04","171.82M","0.24%"
"2020-4-17","4.13","4.17","4.20","4.08","272.94M","-2.82%"
"2020-4-16","4.25","4.20","4.25","4.14","273.39M","-0.23%"
"2020-4-15","4.26","4.26","4.35","4.22","271.63M","-0.47%"
"2020-4-14","4.28","4.10","4.36","4.06","503.77M","7.00%"
"2020-4-13","4.00","3.96","4.05","3.94","146.09M","0.76%"
"2020-4-10","3.97","4.09","4.10","3.95","288.56M","0.51%"
"2020-4-9","3.95","3.95","3.98","3.91","152.57M","0.00%"
"2020-4-8","3.95","3.90","3.99","3.88","185.44M","-0.50%"
"2020-4-7","3.97","3.82","4.02","3.79","426.57M","7.30%"
"2020-4-3","3.70","3.70","3.80","3.69","210.45M","0.00%"
"2020-4-2","3.70","3.66","3.70","3.63","168.84M","-0.80%"
"2020-4-1","3.73","3.64","3.73","3.60","175.85M","1.08%"
"2020-3-31","3.69","3.69","3.73","3.66","135.42M","0.00%"
"2020-3-30","3.69","3.71","3.78","3.67","176.60M","-2.64%"
"2020-3-27","3.79","3.79","3.83","3.77","201.10M","0.53%"
"2020-3-26","3.77","3.73","3.85","3.69","246.57M","-0.79%"
"2020-3-25","3.80","3.90","3.91","3.78","367.12M","1.60%"
"2020-3-24","3.74","3.72","3.80","3.61","542.02M","8.09%"
"2020-3-23","3.46","3.37","3.54","3.33","315.36M","0.00%"
"2020-3-20","3.46","3.40","3.49","3.33","225.09M","2.98%"
"2020-3-19","3.36","3.30","3.38","3.27","306.87M","-1.47%"
"2020-3-18","3.41","3.53","3.58","3.40","242.28M","-2.01%"
"2020-3-17","3.48","3.62","3.69","3.36","340.71M","-4.40%"
"2020-3-16","3.64","3.84","3.84","3.60","253.45M","-5.21%"
"2020-3-13","3.84","3.64","3.89","3.55","318.81M","-2.04%"
"2020-3-12","3.92","3.91","3.95","3.86","221.32M","-2.49%"
"2020-3-11","4.02","4.05","4.11","4.02","223.74M","-0.50%"
"2020-3-10","4.04","3.96","4.07","3.92","361.73M","-0.98%"
"2020-3-9","4.08","4.38","4.38","4.06","415.44M","-6.85%"
"2020-3-6","4.38","4.40","4.42","4.35","245.26M","0.69%"
"2020-3-5","4.35","4.30","4.37","4.30","190.49M","0.46%"
"2020-3-4","4.33","4.40","4.43","4.27","246.94M","0.70%"
"2020-3-3","4.30","4.35","4.41","4.28","170.99M","0.00%"
"2020-3-2","4.30","4.15","4.34","4.15","190.48M","3.37%"
"2020-2-28","4.16","4.28","4.35","4.16","260.31M","-5.67%"
"2020-2-27","4.41","4.36","4.44","4.31","169.46M","1.15%"
"2020-2-26","4.36","4.50","4.50","4.35","351.81M","-4.60%"
"2020-2-25","4.57","4.57","4.69","4.53","346.10M","-3.18%"
"2020-2-24","4.72","4.83","4.86","4.66","364.97M","0.43%"
"2020-2-21","4.70","4.63","4.77","4.58","368.37M","2.40%"
"2020-2-20","4.59","4.57","4.60","4.50","216.98M","0.00%"
"2020-2-19","4.59","4.64","4.67","4.53","255.61M","0.44%"
"2020-2-18","4.57","4.64","4.64","4.55","199.04M","-0.87%"
"2020-2-17","4.61","4.55","4.63","4.48","247.42M","1.54%"
"2020-2-14","4.54","4.33","4.59","4.28","336.81M","5.09%"
"2020-2-13","4.32","4.30","4.35","4.26","178.21M","0.47%"
"2020-2-12","4.30","4.23","4.32","4.22","169.08M","1.42%"
"2020-2-11","4.24","4.18","4.38","4.16","262.16M","0.95%"
"2020-2-10","4.20","4.06","4.23","4.01","292.44M","2.44%"
"2020-2-7","4.10","4.09","4.18","4.03","234.16M","-0.73%"
"2020-2-6","4.13","4.07","4.18","4.00","302.52M","2.48%"
"2020-2-5","4.03","3.96","4.12","3.93","302.20M","1.26%"
"2020-2-4","3.98","3.86","4.03","3.86","278.16M","3.11%"
"2020-2-3","3.86","3.86","4.05","3.86","449.83M","-10.02%"